[
    {
        "customerName": "Robert",
        "noOFItems": "2",
        "totalAmount": "505.00",
        "itemName": [
            "Meat Lover",
            "Fruit Lover"
        ],
        "itemPrice": [
            "270.00",
            "235.00"
        ],
        "status": "Order Received",
        "changeStatus": "Change Status",
        "deliveryAddress": "#303, Mangala, 8th Main, Ramasandra Main Road, Gayatri Layout, Sulikere post Bengaluru - 560060"
    },
    {
        "customerName": "Jason Statham",
        "noOFItems": "7",
        "totalAmount": "1612.00",
        "itemName": [
            "Veggie Lover",
            "Peppy Paneer",
            "Veg Deluxe",
            "Classic Corn",
            "Classic Tomato",
            "Double Cheese",
            "Veggie Feast"
        ],
        "itemPrice": [
            "170.00",
            "399.00",
            "138.00",
            "245.00",
            "290.00",
            "170.00",
            "200.00"
        ],
        "status": "Preparing",
        "changeStatus": "Change Status",
        "deliveryAddress": "#328, Building No. 47, KHB Colony, KS Town Bengaluru - 560060"
    },
    {
        "customerName": "Kiran",
        "noOFItems": "3",
        "totalAmount": "875.00",
        "itemName": [
            "Spiced Paneer",
            "Soya Masala",
            "Tandoori Paneer"
        ],
        "itemPrice": [
            "322.50",
            "232.50",
            "320.00"
        ],
        "status": "Ready to serve",
        "changeStatus": "Change Status",
        "deliveryAddress": "# 3 P(2), 60 feet Road, 1st Block, Jnanabharathi Layout, Bengaluru, Karnataka 560059"
    },
    {
        "customerName": "Lokesh",
        "noOFItems": "1",
        "totalAmount": "250.00",
        "itemName": [
            "Country Feast"
        ],
        "itemPrice": [
            "250.00"
        ],
        "status": "Ready to serve",
        "changeStatus": "Change Status",
        "deliveryAddress": "15, Outer Ring Rd, near Kalyani Motors, Pantarapalya, Nayanda Halli, Bengaluru, Karnataka 560039"
    },
    {
        "customerName": "Harsha",
        "noOFItems": "1",
        "totalAmount": "508.00",
        "itemName": [
            "Farmer's Pick",
            "Double Cheese"
        ],
        "itemPrice": [
            "370.00",
            "138.00"
        ],
        "status": "Preparing",
        "changeStatus": "Change Status",
        "deliveryAddress": "Skyway, Pantarapalya, Nayanda Halli, Bengaluru, Karnataka 560039"
    },
    {
        "customerName": "Jayashree",
        "noOFItems": "1",
        "totalAmount": "75.00",
        "itemName": [
            "Veggie Supreme"
        ],
        "itemPrice": [
            "250.00"
        ],
        "status": "Ready to serve",
        "changeStatus": "Change Status",
        "deliveryAddress": "80/a, 12th Cross Road, Ganapathi Nagar, Banashankari Stage I, Banashankari, Bengaluru, Karnataka 560085"
    },
    {
        "customerName": "Harshitha",
        "noOFItems": "1",
        "totalAmount": "485.00",
        "itemName": [
            "Paneer Soya Supreme",
            "Meat Lover"
        ],
        "itemPrice": [
            "250.00",
            "235.00"
        ],
        "status": "Order Received",
        "changeStatus": "Change Status",
        "deliveryAddress": "Viva Toyota Car Showroom, #301/1-3, 2nd Main Road, Off, Mysore Rd, Ranganatha Colony, Behind, Bengaluru, Karnataka 560026"
    },
    {
        "customerName": "Ranjith",
        "noOFItems": "1",
        "totalAmount": "570.00",
        "itemName": [
            "Veg Exotica",
            "Veggie Italiano"
        ],
        "itemPrice": [
            "250.00",
            "320.00"
        ],
        "status": "Preparing",
        "changeStatus": "Change Status",
        "deliveryAddress": "#24, Amma Ashrama Circle, Ullal Main Rd, Mallathahalli, Bengaluru, Karnataka 560056"
    },
    {
        "customerName": "Rakshitha",
        "noOFItems": "1",
        "totalAmount": "1025.00",
        "itemName": [
            "Veggie Italiano",
            "Veggie Feast",
            "Tandoori Paneer",
            "Soya Masala"
        ],
        "itemPrice": [
            "250.00",
            "290.00",
            "250.00",
            "235.00"
        ],
        "status": "Order Received",
        "changeStatus": "Change Status",
        "deliveryAddress": "Chikka Basti, Sir M Vishweshwaraiah Layout 4th Block, SMV Layout, Bengaluru, Karnataka 560056"
    },
    {
        "customerName": "Gagana",
        "noOFItems": "1",
        "totalAmount": "250.00",
        "itemName": [
            "Margerita"
        ],
        "itemPrice": [
            "250.00"
        ],
        "status": "Preparing",
        "changeStatus": "Change Status",
        "deliveryAddress": "#3517/2, Sir. M. Vishweshwariah Layout, 6th Block, 100 Feet Road, Ullalu, Bengaluru, Karnataka 560056"
    },
    {
        "customerName": "Nitin",
        "noOFItems": "1",
        "totalAmount": "450.00",
        "itemName": [
            "Classic Corn",
            "Paneer Soya Supreme"
        ],
        "itemPrice": [
            "250.00",
            "200.00"
        ],
        "status": "Order Received",
        "changeStatus": "Change Status",
        "deliveryAddress": "#328, Manganahalli, Karnataka 560060"
    }
]